INSERT INTO game (id,title,description) VALUES ('cf046acd-e54b-4356-9786-5443c34c3760','Garrys Mod | TTT','Wer ist der Verräter?');
INSERT INTO game (id,title,description) VALUES ('76fcabbb-51a9-4271-89f9-490a57d31fc7','Garrys Mod | Prop Hunt','Verstecken');
INSERT INTO game (id,title,description) VALUES ('011de914-85b1-499f-b824-276cc020cc3c','Battlefield 4','Old but gold');
INSERT INTO game (id,title,description) VALUES ('3a33d689-fe23-440e-a163-4b9a33777592','Battlefield 2042','Das neuste Battlefield');
INSERT INTO game (id,title,description) VALUES ('bb114429-724e-4538-b0a2-d7a7ecf34331','Pummel Party','A party game');
INSERT INTO game (id,title,description) VALUES ('20d0200f-2ddd-4c03-a38e-abfc0e2e37e9','Among Us','Amogus');
INSERT INTO game (id,title,description) VALUES ('5ad38a7f-a339-45e0-9ab1-b4630ca07569','ArmA 3','Militärsimulation');
INSERT INTO game (id,title,description) VALUES ('7857b025-bea9-4f48-ab21-f5f6376c2e5c','Real Life Event','Is this just fantasy?');

INSERT INTO person (ID, accountcreated, lastlogin, gamertag) VALUES ('6c4f7ec2-25d9-4742-843f-8a4351dcfab9', '2021-01-01 15:00:00', '2021-10-13 16:33:00', 'Michael');
INSERT INTO person (ID, accountcreated, lastlogin, gamertag) VALUES ('4d742fee-ba68-41f1-9aa0-618b9ef6086d', '2021-01-01 15:00:00', '2021-10-13 16:33:00','Barack');
INSERT INTO person (ID, accountcreated, lastlogin, gamertag) VALUES ('c4fcafc0-884d-49ff-8e4d-99be01e61615', '2021-01-01 15:00:00', '2021-10-13 16:33:00','Donald');
INSERT INTO person (ID, accountcreated, lastlogin, gamertag) VALUES ('037d7373-9f73-4ef5-916a-7c5d9ee960c0', '2021-01-01 15:00:00', '2021-10-13 16:33:00','Max');
INSERT INTO person (ID, accountcreated, lastlogin, gamertag) VALUES ('6ffd4acc-b2d1-4f57-978e-1a7b4f75f650', '2021-01-01 15:00:00', '2021-10-13 16:33:00','Bob');
INSERT INTO person (ID, accountcreated, lastlogin, gamertag) VALUES ('4e45e088-591a-4909-8bb9-0d923bd3e7c8', '2021-01-01 15:00:00', '2021-10-13 16:33:00','Marcel');
INSERT INTO person (ID, accountcreated, lastlogin, gamertag) VALUES ('00ff6452-a6d5-4a96-826a-9b823aab6b15', '2021-01-01 15:00:00', '2021-10-13 16:33:00','Testperson01');
INSERT INTO person (ID, accountcreated, lastlogin, gamertag) VALUES ('3af4b625-17a8-4dec-bb94-c4d877156d37', '2021-01-01 15:00:00', '2021-10-13 16:33:00','Testperson02');
INSERT INTO person (ID, accountcreated, lastlogin, gamertag) VALUES ('ce9db802-44c8-48fa-9edd-91f4105bacc8', '2021-01-01 15:00:00', '2021-10-13 16:33:00','Testperson03');
INSERT INTO person (ID, accountcreated, lastlogin, gamertag) VALUES ('68bf2cac-b0ce-4815-acff-97948a1da64e', '2021-01-01 15:00:00', '2021-10-13 16:33:00','Testperson04');
INSERT INTO person (ID, accountcreated, lastlogin, gamertag) VALUES ('70d170ec-1f96-458c-aa92-a903dcedcf7f', '2021-01-01 15:00:00', '2021-10-13 16:33:00','Testperson05');
INSERT INTO person (ID, accountcreated, lastlogin, gamertag) VALUES ('828e5fc0-1423-42cb-b70b-9cf4828f5356', '2021-01-01 15:00:00', '2021-10-13 16:33:00','Testperson06');
INSERT INTO person (ID, accountcreated, lastlogin, gamertag) VALUES ('7346ad59-29dc-4a79-a26c-b09c9fe09939', '2021-01-01 15:00:00', '2021-10-13 16:33:00','Testperson07');
INSERT INTO person (ID, accountcreated, lastlogin, gamertag) VALUES ('c12c02d7-4665-4954-9c0c-aa1dc8e7f839', '2021-01-01 15:00:00', '2021-10-13 16:33:00','Testperson08');
INSERT INTO person (ID, accountcreated, lastlogin, gamertag) VALUES ('e0d31c6d-28d0-4d43-9f08-31e886b85ca9', '2021-01-01 15:00:00', '2021-10-13 16:33:00','Testperson09');
INSERT INTO person (ID, accountcreated, lastlogin, gamertag) VALUES ('05ce080d-24ab-4789-a72e-6bb814cdf007', '2021-01-01 15:00:00', '2021-10-13 16:33:00','Testperson10');
INSERT INTO person (ID, accountcreated, lastlogin, gamertag) VALUES ('a1e9b507-6e93-4933-88e7-38f7217a14ee', '2021-01-01 15:00:00', '2021-10-13 16:33:00','Testperson11');
INSERT INTO person (ID, accountcreated, lastlogin, gamertag) VALUES ('2c113c46-a2c7-4e3a-b216-4bc113ae64dd', '2021-01-01 15:00:00', '2021-10-13 16:33:00','Testperson12');
INSERT INTO person (ID, accountcreated, lastlogin, gamertag) VALUES ('9db87108-315c-4a3e-9a49-5dddeeb6ae14', '2021-01-01 15:00:00', '2021-10-13 16:33:00','Testperson13');
INSERT INTO person (ID, accountcreated, lastlogin, gamertag) VALUES ('192c1b26-441d-4ee3-840d-e951fadaa980', '2021-01-01 15:00:00', '2021-10-13 16:33:00','Testperson14');
INSERT INTO person (ID, accountcreated, lastlogin, gamertag) VALUES ('b656c9d5-edde-43b7-bfef-914a18790dd9', '2021-01-01 15:00:00', '2021-10-13 16:33:00','Testperson15');
INSERT INTO person (ID, accountcreated, lastlogin, gamertag) VALUES ('22519dd8-51a8-4d79-b577-d17f80ea8564', '2021-01-01 15:00:00', '2021-10-13 16:33:00','Testperson16');
INSERT INTO person (ID, accountcreated, lastlogin, gamertag) VALUES ('4acf390a-61c8-4127-a9b1-43d58fd60ac8', '2021-01-01 15:00:00', '2021-10-13 16:33:00','Testperson17');
INSERT INTO person (ID, accountcreated, lastlogin, gamertag) VALUES ('3650de02-be67-4fa4-8fab-6fe2359cd638', '2021-01-01 15:00:00', '2021-10-13 16:33:00','Testperson18');
INSERT INTO person (ID, accountcreated, lastlogin, gamertag) VALUES ('bde914ce-0963-4f12-8d13-1f594cc417d9', '2021-01-01 15:00:00', '2021-10-13 16:33:00','Testperson19');
INSERT INTO person (ID, accountcreated, lastlogin, gamertag) VALUES ('5c3205be-3f3a-4e8e-b4f5-662172e49728', '2021-01-01 15:00:00', '2021-10-13 16:33:00','Testperson20');
INSERT INTO person (ID, accountcreated, lastlogin, gamertag) VALUES ('b02888d3-27d9-44da-bc1c-83563648301c', '2022-03-01 20:00:00', '2022-03-01 20:00:00','admin');

INSERT INTO grouptbl (id, description, name) VALUES ('42e8ee6e-9f23-4d0a-a1ed-1cad1a2f2dd3','Freundeskreis von Max Mustermann','Krasse Typen');
INSERT INTO grouptbl (id, description, name) VALUES ('1bb54661-b4ac-4a77-9e69-496156c6c020','Marcels Testpersonenarmee','Die Bots');
INSERT INTO grouptbl (id, description, name) VALUES ('0848bc8d-79a2-4eaa-b132-21b02e87457c','Beispielgruppe','Gruppe XYZ');

INSERT INTO relgroupperson (id, group_id, person_id, rank) VALUES ('9f53692c-01ec-42db-924d-7473de508303','42e8ee6e-9f23-4d0a-a1ed-1cad1a2f2dd3','037d7373-9f73-4ef5-916a-7c5d9ee960c0', 'MEMBER');
INSERT INTO relgroupperson (id, group_id, person_id, rank) VALUES ('394ada0e-7818-4a05-bb5b-2189fe4f8fe9','42e8ee6e-9f23-4d0a-a1ed-1cad1a2f2dd3','6ffd4acc-b2d1-4f57-978e-1a7b4f75f650', 'MEMBER');
INSERT INTO relgroupperson (id, group_id, person_id, rank) VALUES ('3daa396b-df00-4fff-8ca7-1f61e956e5cb','42e8ee6e-9f23-4d0a-a1ed-1cad1a2f2dd3','4d742fee-ba68-41f1-9aa0-618b9ef6086d', 'MEMBER');
INSERT INTO relgroupperson (id, group_id, person_id, rank) VALUES ('4711ce78-0685-41db-bfe2-36b68a1f4449','1bb54661-b4ac-4a77-9e69-496156c6c020','00ff6452-a6d5-4a96-826a-9b823aab6b15', 'MEMBER');
INSERT INTO relgroupperson (id, group_id, person_id, rank) VALUES ('62bbccef-12c6-494a-833d-f6d1742e9aa4','1bb54661-b4ac-4a77-9e69-496156c6c020','3af4b625-17a8-4dec-bb94-c4d877156d37', 'MEMBER');
INSERT INTO relgroupperson (id, group_id, person_id, rank) VALUES ('ae0f3f7b-b54f-40f9-b1d1-f1c94753d1be','1bb54661-b4ac-4a77-9e69-496156c6c020','ce9db802-44c8-48fa-9edd-91f4105bacc8', 'MEMBER');
INSERT INTO relgroupperson (id, group_id, person_id, rank) VALUES ('ef73568f-d20e-464a-84f4-9147a5fc21c5','1bb54661-b4ac-4a77-9e69-496156c6c020','68bf2cac-b0ce-4815-acff-97948a1da64e', 'MEMBER');
INSERT INTO relgroupperson (id, group_id, person_id, rank) VALUES ('9e2d9d34-8848-4a31-98f7-d833d28e2468','1bb54661-b4ac-4a77-9e69-496156c6c020','70d170ec-1f96-458c-aa92-a903dcedcf7f', 'MEMBER');
INSERT INTO relgroupperson (id, group_id, person_id, rank) VALUES ('7dab2e81-dc62-4a67-822f-6dfdee31f27b','1bb54661-b4ac-4a77-9e69-496156c6c020','828e5fc0-1423-42cb-b70b-9cf4828f5356', 'MEMBER');
INSERT INTO relgroupperson (id, group_id, person_id, rank) VALUES ('335b82d6-ed68-44bb-99af-ec5525453e3c','1bb54661-b4ac-4a77-9e69-496156c6c020','7346ad59-29dc-4a79-a26c-b09c9fe09939', 'MEMBER');
INSERT INTO relgroupperson (id, group_id, person_id, rank) VALUES ('b53b11e2-2b2e-4341-8a17-52a94c0eb570','1bb54661-b4ac-4a77-9e69-496156c6c020','c12c02d7-4665-4954-9c0c-aa1dc8e7f839', 'MEMBER');
INSERT INTO relgroupperson (id, group_id, person_id, rank) VALUES ('9bb0d5e5-ecfe-4ed9-8d34-7d8334c59a58','1bb54661-b4ac-4a77-9e69-496156c6c020','e0d31c6d-28d0-4d43-9f08-31e886b85ca9', 'MEMBER');
INSERT INTO relgroupperson (id, group_id, person_id, rank) VALUES ('0d45ba01-ee44-49e9-8859-c17f9a570225','1bb54661-b4ac-4a77-9e69-496156c6c020','05ce080d-24ab-4789-a72e-6bb814cdf007', 'MEMBER');
INSERT INTO relgroupperson (id, group_id, person_id, rank) VALUES ('c62842cb-4a89-4b1b-9098-cc7b8b39eb56','1bb54661-b4ac-4a77-9e69-496156c6c020','a1e9b507-6e93-4933-88e7-38f7217a14ee', 'MEMBER');
INSERT INTO relgroupperson (id, group_id, person_id, rank) VALUES ('a2229be9-b8a4-4e4b-aea9-e5a4d2e2b616','1bb54661-b4ac-4a77-9e69-496156c6c020','2c113c46-a2c7-4e3a-b216-4bc113ae64dd', 'MEMBER');
INSERT INTO relgroupperson (id, group_id, person_id, rank) VALUES ('e1619960-6651-4943-a15e-02a4c0ea4161','1bb54661-b4ac-4a77-9e69-496156c6c020','9db87108-315c-4a3e-9a49-5dddeeb6ae14', 'MEMBER');
INSERT INTO relgroupperson (id, group_id, person_id, rank) VALUES ('91b52ce9-ed36-4e05-8af3-d9315e7156bc','1bb54661-b4ac-4a77-9e69-496156c6c020','192c1b26-441d-4ee3-840d-e951fadaa980', 'MEMBER');
INSERT INTO relgroupperson (id, group_id, person_id, rank) VALUES ('7b30e1a7-9b13-4ed2-a6e3-07b3eec13faa','1bb54661-b4ac-4a77-9e69-496156c6c020','b656c9d5-edde-43b7-bfef-914a18790dd9', 'MEMBER');
INSERT INTO relgroupperson (id, group_id, person_id, rank) VALUES ('aa490be1-e469-48cb-943a-9e6b4e0ebdcb','1bb54661-b4ac-4a77-9e69-496156c6c020','22519dd8-51a8-4d79-b577-d17f80ea8564', 'MEMBER');
INSERT INTO relgroupperson (id, group_id, person_id, rank) VALUES ('8350da59-72f6-4176-a659-ac63624445e7','1bb54661-b4ac-4a77-9e69-496156c6c020','4acf390a-61c8-4127-a9b1-43d58fd60ac8', 'MEMBER');
INSERT INTO relgroupperson (id, group_id, person_id, rank) VALUES ('538a930c-bd51-4280-8ce1-d7ddc18ddfd1','1bb54661-b4ac-4a77-9e69-496156c6c020','3650de02-be67-4fa4-8fab-6fe2359cd638', 'MEMBER');
INSERT INTO relgroupperson (id, group_id, person_id, rank) VALUES ('07776a57-1584-4fc2-914e-2a54572cf97f','1bb54661-b4ac-4a77-9e69-496156c6c020','bde914ce-0963-4f12-8d13-1f594cc417d9', 'MEMBER');
INSERT INTO relgroupperson (id, group_id, person_id, rank) VALUES ('c3063da4-a0f0-48e9-98d8-f938e4e87188','1bb54661-b4ac-4a77-9e69-496156c6c020','5c3205be-3f3a-4e8e-b4f5-662172e49728', 'MEMBER');
INSERT INTO relgroupperson (id, group_id, person_id, rank) VALUES ('0a287129-aa53-4ee8-9fbb-5bf24f003b59','0848bc8d-79a2-4eaa-b132-21b02e87457c','4e45e088-591a-4909-8bb9-0d923bd3e7c8', 'MEMBER');
INSERT INTO relgroupperson (id, group_id, person_id, rank) VALUES ('57f42e6f-1396-404b-9ac1-aa0fa1990c67','0848bc8d-79a2-4eaa-b132-21b02e87457c','6ffd4acc-b2d1-4f57-978e-1a7b4f75f650', 'MEMBER');
INSERT INTO relgroupperson (id, group_id, person_id, rank) VALUES ('62710271-edf3-4286-ae70-04efb9203211','0848bc8d-79a2-4eaa-b132-21b02e87457c','037d7373-9f73-4ef5-916a-7c5d9ee960c0', 'MEMBER');
INSERT INTO relgroupperson (id, group_id, person_id, rank) VALUES ('c510f5bb-52f5-4889-b3ce-744c7a3431e7','0848bc8d-79a2-4eaa-b132-21b02e87457c','4d742fee-ba68-41f1-9aa0-618b9ef6086d', 'MEMBER');
INSERT INTO relgroupperson (id, group_id, person_id, rank) VALUES ('63e15427-9e24-44bd-927d-8cb8a98775ef','0848bc8d-79a2-4eaa-b132-21b02e87457c','6c4f7ec2-25d9-4742-843f-8a4351dcfab9', 'MEMBER');
INSERT INTO relgroupperson (id, group_id, person_id, rank) VALUES ('0ccc8b04-9741-402b-8203-f779b46907d7','0848bc8d-79a2-4eaa-b132-21b02e87457c','b02888d3-27d9-44da-bc1c-83563648301c', 'MEMBER');

INSERT INTO banlist (ID, bantime, banneduntil, ispermanent, reason, bannedfrom_id, bannedperson_id) VALUES ('261135fe-afe2-4a4e-a1ab-bae826100ea6','2021-10-13 13:39:00', NULL, true, 'TestbannPerm', '4e45e088-591a-4909-8bb9-0d923bd3e7c8','c4fcafc0-884d-49ff-8e4d-99be01e61615');
INSERT INTO banlist (ID, bantime, banneduntil, ispermanent, reason, bannedfrom_id, bannedperson_id) VALUES ('8434d698-98b1-408a-9e7a-cea24ced89da','2021-01-13 13:39:00', '2021-01-15 13:39:00', false, 'TestbannNotPerm1', '4e45e088-591a-4909-8bb9-0d923bd3e7c8','70d170ec-1f96-458c-aa92-a903dcedcf7f');
INSERT INTO banlist (ID, bantime, banneduntil, ispermanent, reason, bannedfrom_id, bannedperson_id) VALUES ('eba517c2-7c67-45c8-95a2-be744aaf24f6','2021-02-13 13:39:00', '2021-02-15 13:39:00', false, 'TestbannNotPerm2', '4e45e088-591a-4909-8bb9-0d923bd3e7c8','70d170ec-1f96-458c-aa92-a903dcedcf7f');

INSERT INTO event1 (ID, eventName, createdtime, date, description, maxpeople, minpeople, createdby_id, game_id, group_id) VALUES ('ac7a0852-e35c-47ee-9325-d6568ed2b6c1', 'Amogus', '2021-07-12 23:01:00', '2021-10-01 19:00:00', 'Cool event', 10, 5, '4d742fee-ba68-41f1-9aa0-618b9ef6086d', '20d0200f-2ddd-4c03-a38e-abfc0e2e37e9', null );
INSERT INTO event1 (ID, eventName, createdtime, date, description, maxpeople, minpeople, createdby_id, game_id, group_id) VALUES ('95b0a1dc-b875-40e3-a921-db47d955ab10', 'Daddeln am Donnerstag', '2020-05-12 23:01:00', '2020-07-01 19:00:00', 'Old event', 16, 8, '6ffd4acc-b2d1-4f57-978e-1a7b4f75f650', 'bb114429-724e-4538-b0a2-d7a7ecf34331', '1bb54661-b4ac-4a77-9e69-496156c6c020' );
INSERT INTO event1 (ID, eventName, createdtime, date, description, maxpeople, minpeople, createdby_id, game_id, group_id) VALUES ('aeec7d07-c4ea-462d-9a41-8cb327126bef', 'BF4 Clan Wars', '2020-08-12 23:01:00', '2021-09-01 19:00:00', 'Nice event', 6, 2, '037d7373-9f73-4ef5-916a-7c5d9ee960c0', '011de914-85b1-499f-b824-276cc020cc3c', null );

INSERT INTO event1releventuser (id,event1event, event1person) VALUES ('5158a221-1b59-4dc5-9ac7-139bb4eab233','ac7a0852-e35c-47ee-9325-d6568ed2b6c1','037d7373-9f73-4ef5-916a-7c5d9ee960c0');
INSERT INTO event1releventuser (id,event1event, event1person) VALUES ('eb91ff02-1f62-4829-bd6c-ec7df82720e1','ac7a0852-e35c-47ee-9325-d6568ed2b6c1','6c4f7ec2-25d9-4742-843f-8a4351dcfab9');
INSERT INTO event1releventuser (id,event1event, event1person) VALUES ('3bd3d93c-a7ec-46b1-afd5-b72de161ac9d','95b0a1dc-b875-40e3-a921-db47d955ab10','6ffd4acc-b2d1-4f57-978e-1a7b4f75f650');
INSERT INTO event1releventuser (id,event1event, event1person) VALUES ('09396fb1-7971-4b17-841b-06b7d3e2babc','95b0a1dc-b875-40e3-a921-db47d955ab10','6c4f7ec2-25d9-4742-843f-8a4351dcfab9');
INSERT INTO event1releventuser (id,event1event, event1person) VALUES ('afef1a8e-37e6-4406-9ca8-de02e0c5d556','aeec7d07-c4ea-462d-9a41-8cb327126bef','037d7373-9f73-4ef5-916a-7c5d9ee960c0');
INSERT INTO event1releventuser (id,event1event, event1person) VALUES ('48cc5a52-6ec1-4efb-921d-8203876ffaab','aeec7d07-c4ea-462d-9a41-8cb327126bef','4d742fee-ba68-41f1-9aa0-618b9ef6086d');

INSERT INTO event2 (id, createdtime, date, description, eventname, createdby_id, game_id, group_id) VALUES ('c067c2ec-b45e-4d42-8768-1270acac57d1', '2021-10-13 15:33:00', '2021-10-22 16:00:00', 'Description asdf', 'Super funny prop hunt event', '4e45e088-591a-4909-8bb9-0d923bd3e7c8', '76fcabbb-51a9-4271-89f9-490a57d31fc7', null);

INSERT INTO event2team (id,description,maxpeople,teamname) VALUES ('9edf447b-cb1b-49b7-a9e6-ffd8ca51a173','Those who seek',8,'Hunters');
INSERT INTO event2team (id,description,maxpeople,teamname) VALUES ('c9b0e95b-0e2f-4703-9293-0167fa0512bb','Those who hide',8,'Props');

INSERT INTO event2releventteam (id,event2event,event2team) VALUES ('feb521fe-0a68-4d50-8bbd-78e763e0ab3d','c067c2ec-b45e-4d42-8768-1270acac57d1','9edf447b-cb1b-49b7-a9e6-ffd8ca51a173');
INSERT INTO event2releventteam (id,event2event,event2team) VALUES ('a3cb3b4e-4d00-4dcb-8186-ba96d19f833e','c067c2ec-b45e-4d42-8768-1270acac57d1','c9b0e95b-0e2f-4703-9293-0167fa0512bb');

INSERT INTO event2relteamperson (id,event2team,event2person) VALUES ('0d392989-d3c3-476f-90bb-dc90e8222f15','9edf447b-cb1b-49b7-a9e6-ffd8ca51a173','6c4f7ec2-25d9-4742-843f-8a4351dcfab9');
INSERT INTO event2relteamperson (id,event2team,event2person) VALUES ('36fccf55-6e14-4171-8c3c-744aeae401bc','c9b0e95b-0e2f-4703-9293-0167fa0512bb','4e45e088-591a-4909-8bb9-0d923bd3e7c8');

INSERT INTO event3 (id, createdtime, date, description, eventname, game_id, createdby_id, group_id) VALUES ('47aee42b-021f-4bbe-8aa7-97ef129d023f', '2021-09-10 17:07:00', '2021-09-17 20:00:00', 'Description asdf', 'Eventname qwer', '5ad38a7f-a339-45e0-9ab1-b4630ca07569', '4e45e088-591a-4909-8bb9-0d923bd3e7c8', '0848bc8d-79a2-4eaa-b132-21b02e87457c');

INSERT INTO event3squad (id, description, squadname) VALUES ('34be97a2-85dd-4562-af07-2be5062dd970', 'Angriffstrupp', 'Alpha Squad');
INSERT INTO event3squad (id, description, squadname) VALUES ('6b911241-f665-425c-8950-abc339a37924', 'Späher-Trupp', 'Bravo Squad');
INSERT INTO event3squad (id, description, squadname) VALUES ('c869d2c6-11e5-430c-9b32-2dda0517d6b4', 'Verteidiger', 'Alpha Squad');

INSERT INTO event3slot (id, role, slotusedby_id) VALUES ('0ffe2d47-89d8-4367-8b48-f64bda85ca6e', 'SQUADLEADER', '4e45e088-591a-4909-8bb9-0d923bd3e7c8');
INSERT INTO event3slot (id, role, slotusedby_id) VALUES ('9ba556b7-3fb7-4d3d-bec9-71cdf4b55c16', 'RIFLEMAN', NULL);
INSERT INTO event3slot (id, role, slotusedby_id) VALUES ('fe369230-673c-4b26-91ae-dd0da89aa714', 'RIFLEMAN', NULL);
INSERT INTO event3slot (id, role, slotusedby_id) VALUES ('a8426052-55bc-4e31-91c4-0c0388ad0caa', 'SQUADLEADER', NULL);
INSERT INTO event3slot (id, role, slotusedby_id) VALUES ('9f1c82e3-da67-489e-a4b2-42ac1e10a88d', 'GRENADIER', NULL);
INSERT INTO event3slot (id, role, slotusedby_id) VALUES ('c624458f-5f11-4a76-862b-283463cae55c', 'MEDIC', NULL);
INSERT INTO event3slot (id, role, slotusedby_id) VALUES ('f6a3f413-4c89-4ac0-a6f6-8ff6ba9c6fdf', 'SQUADLEADER', NULL);
INSERT INTO event3slot (id, role, slotusedby_id) VALUES ('82689e7d-6252-48c0-b598-af6629036d0c', 'MARKSMAN', NULL);
INSERT INTO event3slot (id, role, slotusedby_id) VALUES ('74ab15b7-71d0-4703-b740-7ed1345f2b5e', 'MACHINEGUNNER', NULL);

INSERT INTO event3relsquadslot (id, event3squad, event3slot) VALUES ('6f42ed23-6da5-4c20-baad-09442ab935f2','34be97a2-85dd-4562-af07-2be5062dd970', '0ffe2d47-89d8-4367-8b48-f64bda85ca6e');
INSERT INTO event3relsquadslot (id, event3squad, event3slot) VALUES ('a95816b0-5d97-48b5-ae88-f00f8aa89272','34be97a2-85dd-4562-af07-2be5062dd970', '9ba556b7-3fb7-4d3d-bec9-71cdf4b55c16');
INSERT INTO event3relsquadslot (id, event3squad, event3slot) VALUES ('75b0d9cb-c146-43f0-806b-336e1376412a','34be97a2-85dd-4562-af07-2be5062dd970', 'fe369230-673c-4b26-91ae-dd0da89aa714');
INSERT INTO event3relsquadslot (id, event3squad, event3slot) VALUES ('f50b9d98-cbf4-48f0-998c-7f2ef170a3bd','6b911241-f665-425c-8950-abc339a37924', 'a8426052-55bc-4e31-91c4-0c0388ad0caa');
INSERT INTO event3relsquadslot (id, event3squad, event3slot) VALUES ('6e08d1b1-8b1a-49bd-ad99-fa86b8e5e5ae','6b911241-f665-425c-8950-abc339a37924', '9f1c82e3-da67-489e-a4b2-42ac1e10a88d');
INSERT INTO event3relsquadslot (id, event3squad, event3slot) VALUES ('559ddf0f-38de-4d05-9e62-2aceb6283148','6b911241-f665-425c-8950-abc339a37924', 'c624458f-5f11-4a76-862b-283463cae55c');
INSERT INTO event3relsquadslot (id, event3squad, event3slot) VALUES ('56651a29-970e-4233-8e8b-80132de66be6','c869d2c6-11e5-430c-9b32-2dda0517d6b4', 'f6a3f413-4c89-4ac0-a6f6-8ff6ba9c6fdf');
INSERT INTO event3relsquadslot (id, event3squad, event3slot) VALUES ('751b24f4-1caf-4e8f-9c1f-f17ac2bcdd18','c869d2c6-11e5-430c-9b32-2dda0517d6b4', '82689e7d-6252-48c0-b598-af6629036d0c');
INSERT INTO event3relsquadslot (id, event3squad, event3slot) VALUES ('eae469a7-359d-4787-a899-0f28411d30cd','c869d2c6-11e5-430c-9b32-2dda0517d6b4', '74ab15b7-71d0-4703-b740-7ed1345f2b5e');

INSERT INTO event3releventsquad (id, event3event, event3squad) VALUES ('f6ac6a9a-dbd7-4e08-9a66-a2ceee926367','47aee42b-021f-4bbe-8aa7-97ef129d023f','34be97a2-85dd-4562-af07-2be5062dd970');
INSERT INTO event3releventsquad (id, event3event, event3squad) VALUES ('271039b2-5640-4110-9794-e8ca50192b3f','47aee42b-021f-4bbe-8aa7-97ef129d023f','6b911241-f665-425c-8950-abc339a37924');
INSERT INTO event3releventsquad (id, event3event, event3squad) VALUES ('be6cb168-34b8-4cc5-ba0a-4ccf31ea6f01','47aee42b-021f-4bbe-8aa7-97ef129d023f','c869d2c6-11e5-430c-9b32-2dda0517d6b4');

